city,orders,geo_factor
Riyadh,171541,1.15
Jeddah,76136,1.0303173806686319
Medina,33547,0.9768907984695477
Mecca,31867,0.9747832904723075
Dammam,31037,0.9737420811641473
Taif,24157,0.9651113341278303
Al Ahsa,23414,0.96417926362667
Hail,17561,0.9568368563005707
Khamis Mushait,12425,0.9503939032804365
Buraydah,12111,0.95
