sku_code,qty,demand_factor
SP250MM,114119,1.3
2LM3M,87904,1.1801586303843472
0.5TM3T,65533,1.077890033028949
NATIONALDAY93T,59020,1.0481159784683254
OLIVEOILE1000M,49754,1.005756637218711
OLIVEOILE5000B,37179,0.9482702659458966
4LM3M,35905,0.9424461993851359
CRACK4,35897,0.9424096275386005
OLIVEOILE2000M,33561,0.9317306483502669
OLIVEOILE4000M,26620,0.9
